{"cameraMode":{"drawMode":0,"name":"Shaded","section":"Shading Mode"},"sceneLighting":true,"audioPlay":false,"sceneViewState":{"m_AlwaysRefresh":false,"showFog":true,"showSkybox":true,"showFlares":true,"showImageEffects":true,"showParticleSystems":true,"showVisualEffectGraphs":true,"m_FxEnabled":true},"in2DMode":false,"pivot":{"x":428.25531005859377,"y":236.17385864257813,"z":-3.883056640625},"rotation":{"x":-0.012309524230659008,"y":-0.0009023489546962082,"z":0.000010744616702140775,"w":-0.9999262094497681},"size":261.4151916503906,"orthographic":false}