{"cameraMode":{"drawMode":0,"name":"Shaded","section":"Shading Mode"},"sceneLighting":true,"audioPlay":false,"sceneViewState":{"m_AlwaysRefresh":false,"showFog":true,"showSkybox":true,"showFlares":true,"showImageEffects":true,"showParticleSystems":true,"showVisualEffectGraphs":true,"m_FxEnabled":true},"in2DMode":false,"pivot":{"x":461.309814453125,"y":284.4300231933594,"z":0.27001953125},"rotation":{"x":0.0011903882259503008,"y":-0.011402460746467114,"z":-0.00001377382614009548,"w":-0.9999377727508545},"size":285.68023681640627,"orthographic":false}