{"cameraMode":{"drawMode":0,"name":"Shaded","section":"Shading Mode"},"sceneLighting":true,"audioPlay":false,"sceneViewState":{"m_AlwaysRefresh":false,"showFog":true,"showSkybox":true,"showFlares":true,"showImageEffects":true,"showParticleSystems":true,"showVisualEffectGraphs":true,"m_FxEnabled":true},"in2DMode":false,"pivot":{"x":492.13385009765627,"y":321.15985107421877,"z":-12.76702880859375},"rotation":{"x":-0.030303260311484338,"y":-0.00989795383065939,"z":0.0002993708767462522,"w":-0.9994951486587524},"size":334.19171142578127,"orthographic":false}