{"cameraMode":{"drawMode":0,"name":"Shaded","section":"Shading Mode"},"sceneLighting":true,"audioPlay":false,"sceneViewState":{"m_AlwaysRefresh":false,"showFog":true,"showSkybox":true,"showFlares":true,"showImageEffects":true,"showParticleSystems":true,"showVisualEffectGraphs":true,"m_FxEnabled":true},"in2DMode":false,"pivot":{"x":410.72967529296877,"y":227.1938018798828,"z":-220.4566650390625},"rotation":{"x":0.0007413109415210784,"y":0.9991683959960938,"z":-0.0347948782145977,"w":0.021286485716700555},"size":339.54449462890627,"orthographic":false}